xmin,ymin,xmax,ymax
-149.81723,61.13753,-149.80602,61.14112