xmin,ymin,xmax,ymax
-71.534825,42.346955,-71.532393,42.34777