Param_Name,Percent_Error_Reduced_Avg
omega_x,0.347920869
omega_y,31.41934948
omega_z,10.07443541
t12_x,14.83291396
t12_y,54.66148482
t12_z,9.561578925
