Param_Name,Percent_Error_Reduced_Avg
img1_x,55.69794336
img1_y,57.03280481
img2_x,55.66756242
img2_y,57.04730578
