frame,X,Y,Z,q1,q2,q3,q4
frame0,339.0625,-39.625,171.1875,0.34564208984375,-0.1700439453125,0.9228515625,0.0
frame1,339.0625,-39.625,171.1875,0.345703125,-0.1700439453125,0.92279052734375,0.0
